Title,Content
Securing Australian Business : The Critical,"Our experienced team offers proven & certified managed services, data backup,"
These 18 Sustainable Tech Habits Are a Win,"Our experienced team offers proven & certified managed services, data backup,"
How to Keep Your Smart Home from Turning,"Our experienced team offers proven & certified managed services, data backup,"
These 18 Sustainable Tech Habits Are a Win,"Our experienced team offers proven & certified managed services, data backup,"
How to Keep Your Smart Home from Turning,"Our experienced team offers proven & certified managed services, data backup,"
Securing Australian Business : The Critical,"Our experienced team offers proven & certified managed services, data backup,"
How to Keep Your Smart Home from Turning,"Our experienced team offers proven & certified managed services, data backup,"
These 18 Sustainable Tech Habits Are a Win,"Our experienced team offers proven & certified managed services, data backup,"
Securing Australian Business : The Critical,"Our experienced team offers proven & certified managed services, data backup,"
